INSERT INTO POLL_TYPE(POLL_TYPE_ID,NAME,DESC,REF_PREFIX) VALUES(1,'academic voting','Mark every academic','ac_');

INSERT INTO CRITERION(CRITERION_ID,CODE,DESC, POLL_TYPE_ID, GROUP_RESTRICTION, FACULTY_RESTRICTION) VALUES(1,'Вимогливість','Вимогливість',1,'','');
INSERT INTO CRITERION(CRITERION_ID,CODE,DESC, POLL_TYPE_ID, GROUP_RESTRICTION, FACULTY_RESTRICTION) VALUES(2,'Зрозумілість викладання','Зрозумілість викладання',1,'','');
insert into criterion(CRITERION_ID,CODE,DESC, POLL_TYPE_ID, GROUP_RESTRICTION, FACULTY_RESTRICTION) values(3,'Компетентність','Компетентність',1,'','');
insert into criterion(CRITERION_ID,CODE,DESC, POLL_TYPE_ID, GROUP_RESTRICTION, FACULTY_RESTRICTION) values(4,'Кульура','Культура та тактовність',1,'','');


INSERT INTO DETAIL_CODE(DETAIL_CODE_ID,CODE,VALUE) VALUES (1,'1','1');
INSERT INTO DETAIL_CODE(DETAIL_CODE_ID,CODE,VALUE) VALUES (2,'2','2');
INSERT INTO DETAIL_CODE(DETAIL_CODE_ID,CODE,VALUE) VALUES (3,'3','3');
INSERT INTO DETAIL_CODE(DETAIL_CODE_ID,CODE,VALUE) VALUES (4,'4','4');
INSERT INTO DETAIL_CODE(DETAIL_CODE_ID,CODE,VALUE) VALUES (5,'5','5');

INSERT INTO CRITERION_DETAIL_CODE(CRITERION_ID,DETAIL_CODE_ID) VALUES (1,1);
INSERT INTO CRITERION_DETAIL_CODE(CRITERION_ID,DETAIL_CODE_ID) VALUES (1,2);
INSERT INTO CRITERION_DETAIL_CODE(CRITERION_ID,DETAIL_CODE_ID) VALUES (1,3);
INSERT INTO CRITERION_DETAIL_CODE(CRITERION_ID,DETAIL_CODE_ID) VALUES (1,4);
INSERT INTO CRITERION_DETAIL_CODE(CRITERION_ID,DETAIL_CODE_ID) VALUES (1,5);
INSERT INTO CRITERION_DETAIL_CODE(CRITERION_ID,DETAIL_CODE_ID) VALUES (2,1);
INSERT INTO CRITERION_DETAIL_CODE(CRITERION_ID,DETAIL_CODE_ID) VALUES (2,2);
INSERT INTO CRITERION_DETAIL_CODE(CRITERION_ID,DETAIL_CODE_ID) VALUES (2,3);
INSERT INTO CRITERION_DETAIL_CODE(CRITERION_ID,DETAIL_CODE_ID) VALUES (2,4);
INSERT INTO CRITERION_DETAIL_CODE(CRITERION_ID,DETAIL_CODE_ID) VALUES (2,5);
INSERT INTO CRITERION_DETAIL_CODE(CRITERION_ID,DETAIL_CODE_ID) VALUES (3,1);
INSERT INTO CRITERION_DETAIL_CODE(CRITERION_ID,DETAIL_CODE_ID) VALUES (3,2);
INSERT INTO CRITERION_DETAIL_CODE(CRITERION_ID,DETAIL_CODE_ID) VALUES (3,3);
INSERT INTO CRITERION_DETAIL_CODE(CRITERION_ID,DETAIL_CODE_ID) VALUES (3,4);
INSERT INTO CRITERION_DETAIL_CODE(CRITERION_ID,DETAIL_CODE_ID) VALUES (3,5);
INSERT INTO CRITERION_DETAIL_CODE(CRITERION_ID,DETAIL_CODE_ID) VALUES (4,1);
INSERT INTO CRITERION_DETAIL_CODE(CRITERION_ID,DETAIL_CODE_ID) VALUES (4,2);
INSERT INTO CRITERION_DETAIL_CODE(CRITERION_ID,DETAIL_CODE_ID) VALUES (4,3);
INSERT INTO CRITERION_DETAIL_CODE(CRITERION_ID,DETAIL_CODE_ID) VALUES (4,4);
INSERT INTO CRITERION_DETAIL_CODE(CRITERION_ID,DETAIL_CODE_ID) VALUES (4,5);

INSERT INTO ACADEMIC(ACADEMIC_ID,SOURCE_ACADEMIC_ID,FULL_NAME,POSITION,LABEL) VALUES (1,'300','Корнага Ярослав Ігорович','декан ФІОТ Корнага Ярослав Ігорович','дк. Корнага Я.І.');
INSERT INTO ACADEMIC(ACADEMIC_ID,SOURCE_ACADEMIC_ID,FULL_NAME,POSITION,LABEL) VALUES (2,'597','Максимюк Альона Василівна','секретар Максимюк Альона Василівна','скр. Максимюк А.І');
INSERT INTO ACADEMIC(ACADEMIC_ID,SOURCE_ACADEMIC_ID,FULL_NAME,POSITION,LABEL) VALUES (3,'1333','Сирота Олена Петрівна','декан ФІОТ Сирота Олена Петрівна','дк. Сирота О.П.');
INSERT INTO ACADEMIC(ACADEMIC_ID,SOURCE_ACADEMIC_ID,FULL_NAME,POSITION,LABEL) VALUES (4,'2666','Качинська Наталія Федорівна','асистент Качинська Наталія Федорівна','ас. Качинська Н. Ф.');

INSERT INTO VOTE(VOTE_ID,ACADEMIC_ID,STUDENT_ID,CRITERION_ID,VALUE) VALUES (1,1,'user1',1,5);
INSERT INTO VOTE(VOTE_ID,ACADEMIC_ID,STUDENT_ID,CRITERION_ID,VALUE) VALUES (2,3,'user',1,4);
INSERT INTO VOTE(VOTE_ID,ACADEMIC_ID,STUDENT_ID,CRITERION_ID,VALUE) VALUES (3,3,'user',2,2);
INSERT INTO VOTE(VOTE_ID,ACADEMIC_ID,STUDENT_ID,CRITERION_ID,VALUE) VALUES (4,4,'user',2,4);
INSERT INTO VOTE(VOTE_ID,ACADEMIC_ID,STUDENT_ID,CRITERION_ID,VALUE) VALUES (5,4,'user',1,1);
INSERT INTO VOTE(VOTE_ID,ACADEMIC_ID,STUDENT_ID,CRITERION_ID,VALUE) VALUES (6,1,'user2',1,3);
INSERT INTO VOTE(VOTE_ID,ACADEMIC_ID,STUDENT_ID,CRITERION_ID,VALUE) VALUES (7,1,'user3',1,4);
INSERT INTO VOTE(VOTE_ID,ACADEMIC_ID,STUDENT_ID,CRITERION_ID,VALUE) VALUES (8,1,'user4',1,2);
INSERT INTO VOTE(VOTE_ID,ACADEMIC_ID,STUDENT_ID,CRITERION_ID,VALUE) VALUES (9,2,'user',2,1);
INSERT INTO VOTE(VOTE_ID,ACADEMIC_ID,STUDENT_ID,CRITERION_ID,VALUE) VALUES (10,2,'user',2,3);

INSERT INTO AVERAGE_POINT(ACADEMIC_ID,AVERAGE,VOTES_COUNT) VALUES (1,3.5,4);
INSERT INTO AVERAGE_POINT(ACADEMIC_ID,AVERAGE,VOTES_COUNT) VALUES (2,4,2);
